source_id,citation,url,accessed_date,source_type
PR-KGC-2008-OFFER,"Kinross Gold Corporation: ""Kinross announces friendly combination with Aurelian"", Pressemitteilung, 24.07.2008",https://www.kinross.com/news-and-investors/news-releases/press-release-details/2008/Kinross-announces-friendly-combination-with-Aurelian/default.aspx,2026-05-14,press
PR-ARU-2008-DELIST,"Kinross Gold Corporation: ""Kinross now owns over 94% of Aurelian"", Pressemitteilung, 2008 (Delisting per 2008-10-03)",https://www.kinross.com/news-and-investors/news-releases/press-release-details/2008/Kinross-now-owns-over-94-of-Aurelian/default.aspx,2026-05-14,press
TNM-ARU-2006-DISC,"The Northern Miner: ""Aurelian Gold Discovery Takes Centre Stage"", 2006",https://www.northernminer.com/news/aurelian-gold-discovery-takes-centre-stage/1000207186/,2026-05-14,press
WIKI-FDN-MINE,"Wikipedia: ""Fruta del Norte mine""",https://en.wikipedia.org/wiki/Fruta_del_Norte_mine,2026-05-14,web
CBC-ARU-2008-MA,"CBC News: ""Kinross to acquire Aurelian Resources in $1.2B friendly deal"", 24.07.2008",https://www.cbc.ca/news/business/kinross-to-acquire-aurelian-resources-in-1-2b-friendly-deal-1.761575,2026-05-14,press
GFI-ARU-MICROCOSM,"Geology for Investors: ""Fruta Del Norte – The Canadian Junior Exploration Industry in a Microcosm""",https://www.geologyforinvestors.com/fruta-del-norte-canadian-junior-exploration-industry-microcosm/,2026-05-14,web
TNM-PERSON-2008-MOTY,"The Northern Miner: ""Aurelian Trio Our Mining Persons Of The Year"", John Cumming, 30.12.2008",https://www.northernminer.com/news/aurelian-trio-our-mining-persons-of-the-year/1000227958/,2026-05-14,press
ACAD-FDN-2016-DISC,"""Discovery, Geology, and Origin of the Fruta del Norte Epithermal Gold-Silver Deposit, Southeastern Ecuador"", Economic Geology, Vol. 111, No. 5, 2016",https://pubs.geoscienceworld.org/segweb/economicgeology/article-abstract/111/5/1043/172161/Discovery-Geology-and-Origin-of-the-Fruta-del,2026-05-14,academic
AURANIA-ABOUT-BARRON,"Aurania Resources, ""About"" / Keith Barron Biography (Stand 2026-05-14)",https://aurania.com/about/,2026-05-14,web
TR-ARU-2007-NI43101,"Hennessey, T., Puritch, E., Gowans, R., Leary, S.: ""A Mineral Resource Estimate for the Fruta Del Norte Deposit, Cordillera Del Condor Project, Zamora-Chinchipe Province, Ecuador"", NI 43-101 Technical Report fuer Aurelian Resources Inc., Effective Date 15.11.2007, amended 21.10.2008",https://www.academia.edu/27942836/FORTRESS_MINERALS_CORP._TECHNICAL_REPORT_ON_THE_MINERAL_RESOURCE_ESTIMATE_FRUTA_DEL_NORTE_PROJECT_ECUADOR_NI_43-101_Report_Qualified_Persons,2026-05-14,filing
TNM-ARU-2008-RESOURCE,"The Northern Miner: ""Aurelian puts Fruta del Norte resource at 13.7M oz gold"", 2008",https://www.northernminer.com/news/aurelian-puts-fruta-del-norte-resource-at-13-7m-oz-gold/1000214804/,2026-05-14,press
WIKI-CRY-2026-web,"Wikipedia: ""Crystallex International Corporation""",https://en.wikipedia.org/wiki/Crystallex_International_Corporation,2026-05-15,web
SEC-CRY-2013-20F,"Crystallex International Corp., Form 20-F Annual/Transition Report for fiscal 2011 (filed 2013), SEC EDGAR",https://www.sec.gov/Archives/edgar/data/912500/000119312513032676/d478673d20f.htm,2026-05-15,filing
SEC-CRY-2007-AIF,"Crystallex International Corporation, Annual Information Form / Exhibit 99.1 (2007), SEC EDGAR",https://www.sec.gov/Archives/edgar/data/912500/000120445907001698/crystallex110707exh991.htm,2026-05-15,filing
SEC-CRY-2010-AIF,"Crystallex International Corporation, Annual Information Form / Exhibit 1.1 (filed 2010), SEC EDGAR",https://www.sec.gov/Archives/edgar/data/912500/000120445910000727/exhibit1-1.htm,2026-05-15,filing
SEC-CRY-2011-AIF,"Crystallex International Corporation, Annual Information Form / Exhibit 1.1 (filed 2011), SEC EDGAR",https://www.sec.gov/Archives/edgar/data/912500/000120445911000935/exhibit1-1.htm,2026-05-15,filing
COURT-CRY-2016-ICSID,"Crystallex International Corporation v. Bolivarian Republic of Venezuela, ICSID Case No. ARB(AF)/11/2, Award 4 April 2016",https://www.italaw.com/cases/1530,2026-05-15,other
MIN-CRY-2016-press,"Mining.com / International Mining: ""Crystallex awarded $1.386 billion for Las Cristinas gold mine expropriation""",https://im-mining.com/2016/04/14/crystallex-awarded-1-386-billion-for-las-cristinas-gold-mine-expropriation-by-venezuela/,2026-05-15,press
GLB-CRY-2008-press,"The Globe and Mail: ""Crystallex loses control of Venezuela's Las Cristinas""",https://www.theglobeandmail.com/globe-investor/crystallex-loses-control-of-venezuelas-las-cristinas/article565374/,2026-05-15,press
PROACT-CRY-2012-press,"Proactive Investors: ""Crystallex to be delisted from Toronto Stock Exchange""",https://www.proactiveinvestors.com/companies/news/82023/crystallex-to-be-delisted-from-toronto-stock-exchange-22183.html,2026-05-15,press
GLB-CRY-2012-press,"The Globe and Mail: ""Crystallex to be delisted from TSX on Jan. 6""",https://www.theglobeandmail.com/globe-investor/crystallex-to-be-delisted-from-tsx-on-jan-6/article4180309/,2026-05-15,press
TWST-CRY-2004-interview,"Wall Street Transcript, Interview with Marc Oppenheimer (Crystallex)",https://www.twst.com/interview/marc-oppenheimer-crystallex-international-corporation-kry,2026-05-15,press
TWST-CRY-2004-bio,"Wall Street Transcript, biography page Marc J. Oppenheimer",https://www.twst.com/bio/marc-j-oppenheimer/,2026-05-15,press
MW-CRY-2008-press,"Mining Weekly: ""Crystallex chief Gordon Thompson quits"" (June 2008)",https://www.miningweekly.com/print-version/crystallex-chief-gordon-thompson-quits-2008-06-03,2026-05-15,press
MS-CRY-2026-bio,"MarketScreener insider/executive profiles (Fung, Crombie, Sawh)",https://www.marketscreener.com/insider/ROBERT-CROMBIE-A094V2/,2026-05-15,web
CIM-CRY-2010-award,"Canadian Institute of Mining (CIM), Past Award Winners — Kenneth Thomas",https://www.cim.org/past-award-winners/kenneth-thomas/,2026-05-15,web
AUR-CRY-2017-press,Aurania Resources press release on Dr. Richard Spencer appointment (covers Crystallex VP-Exploration tenure 2004-2008),https://aurania.com/aurania-resources-ltd-announces-appointment-dr-richard-spencer-president-shareholder-approval-lost-cities-cutucu-project/,2026-05-15,press
HHR-CRY-2016-press,"Hughes Hubbard & Reed: ""Firm Helps Crystallex Win $1.4B Arbitration Award Against Venezuela""",https://www.hugheshubbard.com/news/hughes-hubbard-helps-crystallex-win-1-4b-arbitration-award-against-venezuela,2026-05-15,press
INS-CRY-2018-court,"Insolvency Insider: ""Crystallex International Corporation (Re), 2018 ONCA 778"" (CCAA proceedings overview)",https://insolvencyinsider.ca/crystallex-international-corporation-re-2018-onca-778/,2026-05-15,other
ISED-CRY-2011-court,Office of the Superintendent of Bankruptcy Canada — CCAA Records: Crystallex International Corporation,https://ised-isde.canada.ca/site/office-superintendent-bankruptcy/en/ccaa-records-list/ccaa-records-crystallex-international-corporation,2026-05-15,filing
PG-CRY-2026-academic,"PorterGeo Database: ""Las Cristinas - Km88, El Dorado"" deposit description",https://portergeo.com.au/database/mineinfo.asp?mineid=mn831,2026-05-15,academic
MIN-CRY-2011-press,"Mining.com: ""Crystallex's Las Cristinas project is 'unilaterally terminated'""",https://www.mining.com/crystallexs-las-cristinas-project-is-unilaterally-terminated/,2026-05-15,press
SEDAR-CSI-AIF,"Colossus Minerals Inc., Annual Information Form (year ended 2012), SEDAR",https://www.sedarplus.ca/csa-party/records/document.html?id=a8cd5f18c16b1e97742bf4e11ed08d07869d51350fbec1173a8a83a46990fc0c,2026-05-15,filing
KSV-CSI-2014-FACTUM,"Court File No. CV14-10401-00CL, Ontario Superior Court of Justice — Factum of the Applicant Jan 15, 2014 (Colossus BIA proceedings)",https://www.ksvadvisory.com/docs/default-source/insolvency-case-documents/colossus-minerals-inc/proposal-proceedings/motion-materials/2_3708_factumoftheapplicantdatedjan-152014.pdf,2026-05-15,filing
KSV-CSI-2014-CASE,KSV Advisory Case Study: Colossus Minerals Inc.,https://www.ksvadvisory.com/experience/case-study/colossus-minerals-inc-,2026-05-15,filing
PR-CSI-2011-MANCUSO,Colossus Minerals press release on Claudio Mancuso appointment as President & CEO (March 2011),https://www.colossusminerals.com/news-releases/,2026-05-15,press
PR-CSI-2012-FROSTIAK,"""Colossus Minerals Appoints John Frostiak as Chairman Following Planned Departure of Ari Sussman"" — Yahoo Finance / company press release Oct 2012",https://ca.finance.yahoo.com/news/colossus-minerals-appoints-john-frostiak-130915488.html,2026-05-15,press
PR-CSI-2013-MASSOLA,"""Colossus Minerals Names David Massola as Interim Chief Executive Officer"" Nov 15, 2013",https://finance.yahoo.com/news/colossus-minerals-names-david-massola-110100121.html,2026-05-15,press
PR-CSI-2014-NEWBOARD,"""Colossus Minerals Inc. Announces Court Approval, New Directors and an Update on Serra Pelada"" Apr 30, 2014 (Newswire)",https://www.newswire.ca/news-releases/colossus-minerals-inc-announces-court-approval-new-directors-and-an-update-on-serra-pelada-514192531.html,2026-05-15,press
PR-CSI-2014-TSXDELIST,"""TSX Delisting Review — Colossus Minerals Inc. (Symbol: CSI CSI.NT CSI.WT.A CSI.WT.B)"" PR Newswire",https://www.prnewswire.com/news-releases/tsx-delisting-review---colossus-minerals-inc-symbol-csi-csint-csiwta-csiwtb-513550621.html,2026-05-15,press
PR-CSI-2013-RESOURCE,"""Colossus Minerals Releases Preliminary Resource Estimate"" Marketwired Dec 2013",http://www.marketwired.com/press-release/colossus-minerals-releases-preliminary-resource-estimate-tsx-csi-1864908.htm,2026-05-15,press
PR-CSI-ANDERSON,"""Colossus Minerals Inc. Appoints Patrick F.N. Anderson to the Board of Directors"" — AccessNewswire (2013)",https://www.accessnewswire.com/newsroom/en/colossus-minerals-inc.-appoints-patrick-f.n.-anderson-to-the-board-of-directors-2665,2026-05-15,press
WEB-MINING-SUSSMAN,"Mining.com: ""Continental Gold CEO Ari Sussman's secret sauce""",https://www.mining.com/continental-gold-ceo-ari-sussmans-secret-sauce-18800/,2026-05-15,web
WEB-BUSEX-CSI,"Bus-Ex: ""Colossus Minerals"" profile article",https://www.bus-ex.com/article/colossus-minerals,2026-05-15,web
WEB-HELIUS-CSI,Helius Minerals announcement: Serra Pelada High-Grade Gold-PGM Project acquisition agreement from Colossus,https://heliusminerals.com/helius-minerals-enters-agreement-for-the-serra-pelada-high-grade-gold-pgm-project-brazil/,2026-05-15,press
ACAD-SERRAPELADA,"Berni et al.: ""The Serra Pelada Au-Pd-Pt Deposit, Carajás, Brazil: Geochemistry, Mineralogy, and Zoning of Hydrothermal Alteration"", Economic Geology v.109 no.7 (2014)",https://pubs.geoscienceworld.org/segweb/economicgeology/article-abstract/109/7/1883/128647/,2026-05-15,academic
WEB-NM-ANDERSON,"The Northern Miner: ""Aurelian Trio Our Mining Persons Of The Year"" (2008) — bestaetigt Patrick Anderson als Aurelian-Co-Founder (Cross-Reference fuer Colossus-Board-Beitritt 2013)",https://www.northernminer.com/news/aurelian-trio-our-mining-persons-of-the-year/1000227958/,2026-05-15,web
WEB-MJ-FROSTIAK,"Mining Journal: ""Frostiak joins Colossus""",https://www.mining-journal.com/north-america-stories/news/1147273/frostiak-joins-colossus,2026-05-15,web
GNW-CPN-2010-03-23-PEA,"""Carpathian Receives a Positive Preliminary Economic Assessment for its Rovina Valley Gold-Copper Project, Romania"" (Carpathian Gold press release, Mar 23, 2010)",http://www.marketwired.com/press-release/carpathian-receives-positive-preliminary-economic-assessment-its-rovina-valley-gold-tsx-cpn-1135936.htm,2026-05-15,press
GNW-CPN-2011-04-06-FS-RDM,"RDM NI 43-101 Feasibility Study announcement, April 6, 2011 (referenced in Carpathian MD&A Q3 2013)",https://www.eurosunmining.com/wp-content/uploads/2021/09/Q3_2013_Carpathian_Gold_MDA.pdf,2026-05-15,filing
MINING-CPN-2011-Barrick,"Mining.com: ""Carpathian closes $20 million strategic placement by Barrick Gold Corporation"" (Aug 12 2011)",https://www.mining.com/carpathian-closes-20-million-strategic-placement-by-barrick-gold-corporation,2026-05-15,press
GNW-CPN-2012-07-03-CFO,"""Carpathian Appoints New Chief Financial Officer"" (GlobeNewswire, Jul 3 2012) — Rishi Tibriwal appointment, Linda Prager departure",https://www.globenewswire.com/news-release/2012/07/03/1396987/0/en/Carpathian-Appoints-New-Chief-Financial-Officer.html,2026-05-15,press
GNW-CPN-2012-08-31-NI43-101,"""Carpathian Files NI 43-101 Technical Report on the Rovina Valley Project"" (Aug 31 2012; M+I 7.19 Moz Au + 1.42 Blb Cu)",https://www.globenewswire.com/news-release/2012/08/31/1396998/0/en/Carpathian-Files-NI-43-101-Technical-Report-on-the-Rovina-Valley-Project-Romania.html,2026-05-15,press
ESM-MDA-Q3-2013,"Carpathian Gold Inc. Management Discussion & Analysis Q3 2013 (SEDAR filing, archived on Euro Sun website)",https://www.eurosunmining.com/wp-content/uploads/2021/09/Q3_2013_Carpathian_Gold_MDA.pdf,2026-05-15,filing
JMN-CPN-2014-Mgmt-Changes,"""Carpathian Gold Inc. Announces Management Changes"" (Jan 2014 — Titaro steps down, Charette Interim CEO)",https://www.marketscreener.com/quote/stock/EURO-SUN-MINING-INC-31285363/news/Carpathian-Gold-Inc-Announces-Management-Changes-38838495/,2026-05-15,press
YHOO-CPN-2013-12-24-FirstPour,"""Carpathian Begins its Transition to become an Operating Company With its First Smelting and Pouring of Gold at the RDM Gold Project, Brazil""",https://ca.finance.yahoo.com/news/carpathian-begins-transition-become-operating-183900421.html,2026-05-15,press
GNW-CPN-2016-05-09-FM,"""Carpathian Gold Inc Announces Cornerstone Investment From Forbes and Manhattan"" (May 9 2016)",https://www.globenewswire.com/news-release/2016/05/09/1288096/0/en/Carpathian-Gold-Inc-Announces-Cornerstone-Investment-From-Forbes-and-Manhattan.html,2026-05-15,press
GNW-CPN-2016-04-29-Restructuring,"""Carpathian Gold Inc. Completes Restructuring"" (Apr 29 2016 — RDM transferred to Brio)",https://www.globenewswire.com/news-release/2016/04/29/1288092/0/en/Carpathian-Gold-Inc-Completes-Restructuring.html,2026-05-15,press
GNW-CPN-2016-08-18-Rename,"""Carpathian Gold Announces Corporate Name Change to Euro Sun Mining Inc."" (Aug 18 2016)",https://www.globenewswire.com/news-release/2016/08/18/1288128/0/en/Carpathian-Gold-Announces-Corporate-Name-Change-to-Euro-Sun-Mining-Inc.html,2026-05-15,press
WIKI-Rovina,"""Rovina mine"" Wikipedia article",https://en.wikipedia.org/wiki/Rovina_mine,2026-05-15,web
ALLIED-Titaro-Bio,Allied Gold Corporation — Board of Directors — Dino Titaro person details,https://alliedgold.com/about/board-of-directors/person-details/default.aspx?ItemId=31140d89-57f4-423f-91a7-ffb14b3274c5,2026-05-15,web
SEC-EQX-2020,Equinox Gold Corp. SEC filing referencing RDM ownership chain (Carpathian -> Brio -> Leagold -> Equinox),https://www.sec.gov/Archives/edgar/data/1756607/000127956920000761/ex993.htm,2026-05-15,filing
MWR-Rovina-2015,"Mining Watch Romania: ""Ponta Government saves Carpathian Gold from bankruptcy by granting them the mining license for Rovina"" (May 2015)",https://miningwatch.ro/en/guvernul-ponta-salveaza-de-la-faliment-carpathian-gold-prin-acordarea-licentei-miniere-de-la-rovina/,2026-05-15,web
NEWSWIRE-CPN-2018-Delisting-Review,"""TSX Delisting Review - Carpathian Gold Inc. (Symbol: CPN)"" (Dec 23, 2018 — applied to renamed Euro Sun)",https://www.newswire.ca/news-releases/tsx-delisting-review---carpathian-gold-inc-symbol-cpn-517423841.html,2026-05-15,other
SEC-ANV-S1-2007,"Allied Nevada Gold Corp., Form S-1 Registration Statement (CIK 1376610), filed 2007",https://www.sec.gov/Archives/edgar/data/1376610/000119312507164260/ds1.htm,2026-05-15,filing
SEC-ANV-S1-2008,"Allied Nevada Gold Corp., Form S-1, filed 2008",https://www.sec.gov/Archives/edgar/data/1376610/000119312508008886/ds1.htm,2026-05-15,filing
VISTA-2007-CLOSE,"Vista Gold Corp.: ""Vista Gold and Allied Nevada Announce Closing of Arrangement"" (May 2007 press release)",https://www.vistagold.com/news/news-2023/archive/news-2007/516-vista-gold-and-allied-nevada-announce-closing-of-arrangement,2026-05-15,press
VISTA-2006-PROG,"Vista Gold Corp.: ""Reports Progress on Nevada Spin-off Company"" (Sept 2006)",https://www.vistagold.com/news/news-2021/archive/news-2006/546-vista-gold-corp-reports-progress-on-nevada-spin-off-company,2026-05-15,press
KROLL-ANV-CH11,Allied Nevada Gold Corp. Restructuring Administration Cases (Kroll/Prime Clerk),https://cases.ra.kroll.com/alliednevadagold/,2026-05-15,filing
BLOOMBERG-2015-BK,"Bloomberg: ""Gold Miner Allied Nevada Files for Chapter 11 Bankruptcy"" (10 March 2015)",https://www.bloomberg.com/news/articles/2015-03-10/gold-miner-allied-nevada-files-for-bankruptcy,2026-05-15,press
JDSUPRA-MORRIS-2015,"Morris James LLP / JD Supra: ""Allied Nevada Gold Corp. Files For Chapter 11 Bankruptcy Protection""",https://www.jdsupra.com/legalnews/allied-nevada-gold-corp-files-for-chapt-68530/,2026-05-15,other
LAW360-2015-PLAN,"Law360: ""Allied Nevada Gold Wins Confirmation Of Ch. 11 Plan"" (8 Oct 2015)",https://www.law360.com/articles/711714/allied-nevada-gold-wins-confirmation-of-ch-11-plan,2026-05-15,other
LOPUCKI-BRD-ANV,UCLA-LoPucki Bankruptcy Research Database — Allied Nevada Gold Corp. entry,https://lopucki.law.ufl.edu/companyinfo.php?name=Allied+Nevada+Gold+Corp.,2026-05-15,academic
WIKI-BUCHAN,"Wikipedia: ""Robert Buchan""",https://en.wikipedia.org/wiki/Robert_Buchan,2026-05-15,web
QUEENSU-BUCHAN,"Queen's University Encyclopedia: ""Buchan, Robert M.""",https://www.queensu.ca/encyclopedia/b/buchan-robert-m,2026-05-15,web
MININGREC-2008-1ST,"The Mining Record: ""Allied Nevada Has First Gold Production At Hycroft"" (Dec 2008)",https://miningrecord.com/allied-nevada-has-first-gold-production-at-hycroft/,2026-05-15,press
MINING-2011-FS,"Mining.com: ""Allied Nevada announces positive feasibility study for Hycroft milling expansion"" (Sept 2011)",https://www.mining.com/allied-nevada-announces-positive-feasibility-study-for-hycroft-milling-expansion/,2026-05-15,press
WOMP-2011-PLAN,"World Mining Magazine: ""Allied Nevada Updates its Plans for Hycroft Expansion""",http://www.womp-int.com/story/2011vol04/story010.htm,2026-05-15,press
ELKO-CFO-2012,"Elko Daily Free Press: ""Allied Nevada names new CFO"" (S. Jones)",https://elkodaily.com/mining/allied-nevada-names-new-cfo/article_de9b8966-67ff-11e1-8487-0019bb2963f4.html,2026-05-15,press
YAHOO-BUFF-2013,"Yahoo Finance: ""Randy Buffington Appointed President and CEO of Allied Nevada"" (July 2013)",https://finance.yahoo.com/news/randy-buffington-appointed-president-ceo-200500150.html,2026-05-15,press
MS-ANV-PROFILE,MarketScreener: Allied Nevada Gold Corp. profile (ISIN US0193441005),https://www.marketscreener.com/quote/stock/ALLIED-NEVADA-GOLD-CORP-50251/company/,2026-05-15,web
MINING-TECH-HYCROFT,"Mining Technology: ""Hycroft Gold Mine Expansion Project, Nevada, USA""",https://www.mining-technology.com/projects/hycroft-mine-expansion-project-nevada/,2026-05-15,press
INN-HASBROUCK,"Investing News Network: ""Allied Nevada Announces Initial Drilling at Its Hasbrouck Mountain Project""",https://investingnews.com/daily/resource-investing/precious-metals-investing/gold-investing/allied-nevada-announces-initial-drilling-at-its-hasbrouck-mountain-project/,2026-05-15,press
GURU-CALDWELL-SALES,GuruFocus: Insider transaction filings for Scott A. Caldwell,https://www.gurufocus.com/news/98664/allied-nevada-gold-corp-anv-president-and-ceo-scott-andrew-caldwell-sells-5000-shares,2026-05-15,other
SEC-BAA-FORM20F-2017,Banro Corporation Form 20-F (FY2016),https://www.sec.gov/Archives/edgar/data/1286597/000106299317001658/form20f.htm,2026-05-15,filing
PR-BAA-CCAA-2017-12-22,"""Banro announces support agreement for recapitalization transaction with key stakeholders, commences restructuring proceedings & receives order permitting interim financing of up to US$20 million"" — GlobeNewswire 22 Dec 2017",https://www.globenewswire.com/news-release/2017/12/22/1334978/0/en/Banro-announces-support-agreement-for-recapitalization-transaction-with-key-stakeholders-commences-restructuring-proceedings-receives-order-permitting-interim-financing-of-up-to-US.html,2026-05-15,press
FTI-BAA-MONITOR-2017,"Pre-Filing Report of the Proposed Monitor, Court File CCAA — FTI Consulting Canada (Banro)",http://cfcanada.fticonsulting.com/banro/docs/Pre-Filing%20Report%20of%20the%20Proposed%20Monitor.pdf,2026-05-15,filing
GLOBE-BAA-PLIGHT-2018,"""Plight of Canadian gold company Banro a study in frontier-market risk"" — The Globe and Mail",https://www.theglobeandmail.com/report-on-business/banros-plight-a-study-in-frontier-market-risk/article37812374/,2026-05-15,press
MR-BAA-NAMOYA-SEC-2017,"""Killings and kidnapping at Banro Corporation's Namoya gold mine"" — Mining Review Africa",https://www.miningreview.com/central-africa/banro-corporations-namoya-gold-mine/,2026-05-15,press
IDE-BAA-AGE,"""Banro Corporation (Banro)"" — Institute of Developing Economies AGE file",https://www.ide.go.jp/English/Data/Africa_file/Company/drc01.html,2026-05-15,academic
MW-BAA-DRC-2020,"""Banro Corporation in the Democratic Republic of Congo"" — Mining Watch Canada",https://miningwatch.ca/blog/2020/1/10/banro-corporation-democratic-republic-congo,2026-05-15,web
NCP-CANADA-BAA-2019,"""Final Statement of the Canadian National Contact Point - Banro Corporation and a Group of Former Employees"" — Global Affairs Canada",https://www.international.gc.ca/trade-agreements-accords-commerciaux/ncp-pcn/statement-banro.aspx?lang=eng,2026-05-15,filing
WIKI-NAMOYA,Namoya Mine — Wikipedia,https://en.wikipedia.org/wiki/Namoya_Mine,2026-05-15,web
WIKI-TNGB,Twangiza-Namoya gold belt — Wikipedia,https://en.wikipedia.org/wiki/Twangiza-Namoya_gold_belt,2026-05-15,web
TSX-BAA-DELIST,TSX Delisting Review – Banro Corporation (BAA) — TMX,https://www.tsx.com/news/reviews-and-suspensions?id=515,2026-05-15,filing
MW-BAA-DELIST-2017,"""TSX, NYSE American to delist Banro equities"" — Mining Weekly",https://www.miningweekly.com/article/tsx-nyse-american-to-delist-banro-equities-2017-12-28,2026-05-15,press
PR-BAA-RICHARDS-2018,"""Banro Corp. Appoints New Chairman and Chief Executive Officer"" — Junior Mining Network (May 2018)",https://www.juniorminingnetwork.com/junior-miner-news/press-releases/1011-tsx/baa/46362-banro-corp-appoints-new-chairman-and-chief-executive-officer.html,2026-05-15,press
PR-BAA-PRINSLOO-2007,"""BANRO APPOINTS MIKE PRINSLOO CEO"" — MetalsNews (2007)",http://www.metalsnews.com/Metals+News/MetalsNews/Dr.+Allen+Alper+and+Jill+Cueni-Cohen/FEATURED221/news.aspx?NewsID=25311,2026-05-15,press
GPC-BAA-PRIVATE-EQUITY-2011,"""Banro's Story — The Role Played by Private Equity, Sept 2011"" — Global Private Capital Association / Cordiant case study",https://www.globalprivatecapital.org/app/uploads/2017/03/cordiant_case_study_banro_web.pdf,2026-05-15,academic
BAA-MGT-CLARKE,"""Management — John Clarke"" — Banro Corporation",https://www.banro.com/corporate/management/john-clarke,2026-05-15,web
BAA-MGT-BANSAH,"""Management — Dan Bansah"" — Banro Corporation",https://banro.com/corporate/management/dan-bansah,2026-05-15,web
BAA-FS-NAMOYA-2014,"""Banro Files NI 43-101 Technical Report on Namoya Project, Democratic Republic of the Congo"" — GlobeNewswire (May 2014)",https://www.globenewswire.com/news-release/2014/05/13/1341586/0/en/Banro-Files-NI-43-101-Technical-Report-on-Namoya-Project-Democratic-Republic-of-the-Congo.html,2026-05-15,press
BAA-PROD-TWAN-2012,"""Banro Declares Commercial Production at Twangiza Gold Mine and Provides Update on Development at Namoya, Democratic Republic of the Congo"" — GlobeNewswire (Aug 2012)",https://www.globenewswire.com/news-release/2012/08/29/1341521/0/en/Banro-Declares-Commercial-Production-at-Twangiza-Gold-Mine-and-Provides-Update-on-Development-at-Namoya-Democratic-Republic-of-the-Congo.html,2026-05-15,press
SCID-PMC-TNGB-2024,"""Genesis of the hydrothermal gold system in the Kibaran metallogenic province (D.R.Congo): A review for the Twangiza-Namoya gold belt"" — Heliyon (PMC, 2024)",https://pmc.ncbi.nlm.nih.gov/articles/PMC11253050/,2026-05-15,academic
NEWMONT-FRG-2011-OFFER,"Newmont Mining: ""Newmont Expands Nevada Growth Potential With Acquisition of Fronteer Gold"" (Feb 2011)",https://www.newmont.com/investors/news-release/news-details/2011/Newmont-Expands-Nevada-Growth-Potential-With-Acquisition-of-Fronteer-Gold/default.aspx,2026-05-15,press
NEWMONT-FRG-2011-CLOSE,"Newmont Mining: ""Newmont Completes Acquisition of Fronteer Gold"" (April 2011)",https://www.newmont.com/investors/news-release/news-details/2011/Newmont-Completes-Acquisition-of-Fronteer-Gold/default.aspx,2026-05-15,press
MIN-FRG-2011-DEAL,"Mining.com: ""Fronteer Gold acquired by Newmont Mining in a $2.3 billion deal""",https://www.mining.com/fronteer-gold-acquired-by-newmont-mining-in-a-2-3-billion-deal/,2026-05-15,press
GLB-FRG-2011-NEWMONT,"The Globe and Mail: ""Newmont to acquire Fronteer Gold in $2.3-billion deal""",https://www.theglobeandmail.com/report-on-business/industry-news/energy-and-resources/newmont-to-acquire-fronteer-gold-in-23-billion-deal/article564805/,2026-05-15,press
BIV-OD-2012-bio,"Business in Vancouver: Profile of Mark O'Dea, co-founder and CEO Oxygen Capital Corp (2012)",https://www.biv.com/news/resources-agriculture/profile-mark-odea-co-founder-and-ceo-oxygen-capita-8243663,2026-05-15,web
CRUNCH-TETZ,Crunchbase profile: Sean Tetzlaff,https://www.crunchbase.com/person/sean-tetzlaff,2026-05-15,web
NEWMONT-LC-2016,"Newmont: ""Newmont Declares Commercial Production at Long Canyon"" (Dec 2016)",https://www.newmont.com/investors/news-release/news-details/2016/Newmont-Declares-Commercial-Production-at-Long-Canyon-the-Most-Significant-Oxide-Ore-Discovery-in-Nevada-in-More-than-a-Decade/default.aspx,2026-05-15,press
NSU-ACQ-2016-CLOSE,"""Nevsun Resources Closes Reservoir Acquisition Creating a Diversified Mid-Tier Base Metal Company"" — Junior Mining Network (June 2016)",https://www.juniorminingnetwork.com/junior-miner-news/press-releases/714-tsx/nsu/21429-nevsun-resources-closes-reservoir-acquisition-creating-a-diversified-mid-tier-base-metal-company.html,2026-05-15,press
NSU-ACQ-2016-AGREEMENT,"Mining Technology: ""Nevsun signs agreement to acquire Canada's Reservoir Minerals for $365m"" (April 2016)",https://www.mining-technology.com/news/newsnevsun-signs-agreement-acquire-canadas-reservoir-minerals-365m-4873240/,2026-05-15,press
SEC-NSU-2016-EX991,SEC Filing — Nevsun Exhibit 99.1 (Arrangement Agreement Reservoir Acquisition),https://www.sec.gov/Archives/edgar/data/919991/000147237516000389/exhibit99-1.htm,2026-05-15,filing
CRUNCH-INGRAM,Crunchbase profile: Simon Ingram (Reservoir Minerals Founder),https://www.crunchbase.com/person/simon-ingram,2026-05-15,web
ALTUS-MILES,"Altus Strategies: ""David Miles"" management profile",https://www.altus-strategies.com/corporate/who-we-are/david-miles/,2026-05-15,web
GS-RES-2014-exec,"Goldseiten: ""Reservoir Announces New Executive Appointments"" (Aug 2014)",https://www.goldseiten.de/artikel/217678--Reservoir-Announces-New-Executive-Appointments.html,2026-05-15,press
INN-RES-2016-PEA,"Investing News Network: ""Reservoir Mineral Releases PEA for Timok Project"" (April 2016)",https://investingnews.com/daily/resource-investing/base-metals-investing/copper-investing/reservoir-mineral-releases-pea-for-timok-project/,2026-05-15,press
GOLDCORP-PMS-2015-CLOSE,"PR Newswire: ""Goldcorp completes acquisition of Probe Mines Limited"" (March 2015)",https://www.prnewswire.com/news-releases/goldcorp-completes-acquisition-of-probe-mines-limited-296258761.html,2026-05-15,press
SEC-GG-PMS-2015,SEC Filing: Goldcorp Exhibit 99.1 — Probe Mines Acquisition (2015),https://www.sec.gov/Archives/edgar/data/919239/000127956915000472/ex991.pdf,2026-05-15,filing
CBC-PMS-2015-DEAL,"CBC News: ""Goldcorp offers $526 million for Probe Mines, owner of Borden gold project"" (Jan 2015)",https://www.cbc.ca/news/business/goldcorp-offers-526-million-for-probe-mines-owner-of-borden-gold-project-1.2917675,2026-05-15,press
NM-PALMER-2014,"The Northern Miner: ""Probe's David Palmer our Mining Person of the Year"" (2014)",https://www.northernminer.com/news/probes-david-palmer-our-mining-person-of-the-year/1003496138/,2026-05-15,press
CIM-PALMER-2015,CIM Awards Database — David Palmer (PDAC Bill Dennis Prospector of the Year 2015),https://www.cim.org/past-award-winners/david-palmer/,2026-05-15,web
MIN-PMS-2014-SOKALSKY,"Mining.com: ""Ex-Barrick CEO Sokalsky joins junior Probe Mines as Chairman""",https://www.mining.com/web/ex-barrick-ceo-sokalsky-joins-junior-miner-probe-mines-as-chairman/,2026-05-15,press
NM-PMS-BORDEN-2014,"Yahoo Finance / Probe Mines: ""Probe Mines Announces First High-Grade Mineral Resource Estimate for Borden Gold Project, Ontario"" (June 2014)",https://finance.yahoo.com/news/probe-mines-announces-first-high-202500257.html,2026-05-15,press
KL-DGC-2020-CLOSE,"GlobeNewswire: ""Kirkland Lake Gold Completes Acquisition of Detour Gold"" (Jan 2020)",https://www.globenewswire.com/news-release/2020/01/31/1978175/0/en/Kirkland-Lake-Gold-Completes-Acquisition-of-Detour-Gold.html,2026-05-15,press
BNN-DGC-2019,"BNN Bloomberg: ""Kirkland Lake to buy Detour Gold for $4.9 billion in stock"" (Nov 2019)",https://www.bnnbloomberg.ca/kirkland-lake-to-buy-detour-gold-for-4-9-billion-in-stock-1.1353034,2026-05-15,press
WIKI-DGC,Wikipedia: Detour Gold,https://en.wikipedia.org/wiki/Detour_Gold,2026-05-15,web
GOLDTERRA-PANNETON,Gold Terra Resource Corp: Gerald Panneton Director profile,https://goldterracorp.com/corporate/directors/gerald-panneton/,2026-05-15,web
BLOOMBERG-MARTIN,Bloomberg Executive Profile: Paul D Martin (Detour Gold),https://www.bloomberg.com/profile/person/1438913,2026-05-15,web
PROACT-KENYON,"ProActive Investors: ""Great Bear bolsters board with mining industry veteran"" — Michael Kenyon biography",https://www.proactiveinvestors.com/companies/news/922668/great-bear-bolsters-board-with-mining-industry-veteran-as-it-continues-to-advance-dixie-project-922668.html,2026-05-15,press
KITCO-MCMULLEN-2019,"Kitco News: ""McMullen To Become Next CEO Of Detour Gold"" (April 2019)",https://www.kitco.com/news/2019-04-01/McMullen-To-Become-Next-CEO-Of-Detour-Gold.html,2026-05-15,press
DGC-WILLIAMS-2019,"Detour Gold: ""Detour Gold Announces Appointment of Bill Williams as Interim CEO"" (Jan 2019)",https://www.detourgold.com/investors/news/press-release-details/2019/Detour-Gold-Announces-Appointment-of-Bill-Williams-as-Interim-CEO/default.aspx,2026-05-15,press
NEWCREST-PVG-2022,"Nasdaq/Newcrest: ""Newcrest Announces Completion of the Acquisition of Pretium Resources"" (March 2022)",https://www.nasdaq.com/press-release/newcrest-announces-completion-of-the-acquisition-of-pretium-resources-2022-03-09,2026-05-15,press
MIN-PVG-2021-DEAL,"Mining.com: ""Newcrest to acquire Pretium Resources in $2.8 billion deal""",https://www.mining.com/newcrest-to-acquire-pretium-resources-in-2-8-billion-deal/,2026-05-15,press
WIKI-BRUCEJACK,Wikipedia: Brucejack mine,https://en.wikipedia.org/wiki/Brucejack_mine,2026-05-15,web
CMHF-QUARTERMAIN,Canadian Mining Hall of Fame: Robert Quartermain (b. 1955),https://mininghalloffame.ca/robert-quartermain/,2026-05-15,web
JMN-PERRON-2020,"Junior Mining Network: ""Pretivm Appoints Experienced Underground Mining Executive Jacques Perron as President and CEO"" (April 2020)",https://www.juniorminingnetwork.com/junior-miner-news/press-releases/453-tsx/pvg/76111-pretivm-appoints-experienced-underground-mining-executive-jacques-perron-as-president-and-ceo.html,2026-05-15,press
MACRO-PVG,MacroTrends: Pretium Resources Market Cap History 2013-2021,https://www.macrotrends.net/stocks/charts/PVG/pretium-resources/market-cap,2026-05-15,web
STRATUM-OD-INT,"Stratum International: ""Interviews with Mining Greats: Mark O'Dea""",https://stratum-international.com/interviews-with-mining-great-mark-odea/,2026-05-15,web
BCB-OD-OXY,"BCBusiness: ""Mark O'Dea, Founder and Chair, Oxygen Capital Corp.""",https://bcbusiness.ca/people/general/mark-odea-founder-and-cha9ir-oxygen-capital-corp/,2026-05-15,web
SEC-FRG-2009-TR,"SEC Filing: Fronteer Gold Inc. — Exhibit 99.1 Long Canyon Technical Report (NI 43-101, 2009)",https://www.sec.gov/Archives/edgar/data/1271129/000106299309001500/exhibit99-1.pdf,2026-05-15,filing
PROACT-FRG-2011-URANIUM,"ProActive Investors: ""Fronteer Gold sells uranium assets to Australia's Paladin Energy"" (Feb 2011)",https://www.proactiveinvestors.com/companies/news/75429/fronteer-gold-sells-uranium-assets-to-australias-paladin-energy--10950.html,2026-05-15,press
SEC-FRG-2011-EX1,"SEC Filing: Fronteer Gold Inc. — Exhibit 1 (Management Information Circular, 2011)",https://www.sec.gov/Archives/edgar/data/1271129/000106299311001183/exhibit1.htm,2026-05-15,filing
YHOO-TRG-MGMT,"Yahoo Finance: ""True Gold Owner's Team Built to Drive Mine Development and Resource Expansion at Karma and Liguidi""",https://ca.finance.yahoo.com/news/true-gold-owners-team-built-121300825.html,2026-05-15,press
CEO-DSV-BOARD,"CEO.ca: ""Discovery Metals Announces Board and Advisory Board Management Appointments"" (Mark O'Dea connection)",https://pro.ceo.ca/@marketwired/discovery-metals-announces-board-and-advisory-board,2026-05-15,press
ECON-GEO-LC-2013,"Economic Geology v.108 No.5 (2013): ""The Long Canyon Deposit: Anatomy of a New Off-Trend Sedimentary Rock-Hosted Gold Discovery in Northeastern Nevada""",https://pubs.geoscienceworld.org/segweb/economicgeology/article-abstract/108/5/1119/5/,2026-05-15,academic
JMN-LC-2016,"Junior Mining Network: ""Newmont Mining Declares Commercial Production at Long Canyon""",https://www.juniorminingnetwork.com/junior-miner-news/press-releases/1101-nyse/nem/26736-newmont-mining-declares-commercial-production-at-long-canyon.html,2026-05-15,press
MIN-PG-LK,"Mining.com: ""How Pilot Gold CEO Matt Lennox-King manages risk""",https://www.mining.com/web/how-pilot-gold-ceo-matt-lennox-king-manages-risk/,2026-05-15,press
LIBERTY-2017-RENAME,"Liberty Gold (formerly Pilot Gold): ""Pilot Gold Reports Voting Results from Annual Meeting and Changes Name to Liberty Gold""",https://libertygold.ca/news/news/28-2017-news/114-pilot-gold-reports-voting-results-from-annual-meeting-and-changes-name-to-liberty-gold.html,2026-05-15,press
JMN-EDV-TRG-2016,"Junior Mining Network: ""Endeavour Mining Completes Acquisition of True Gold""",https://www.juniorminingnetwork.com/junior-miner-news/press-releases/1125-tsx/edv/18980-endeavour-completes-acquisition-of-true-gold.html,2026-05-15,press
MININGREC-FRG-2011,"The Mining Record: ""Newmont Expands Nevada Growth Potential With Acquisition of Fronteer Gold""",https://miningrecord.com/newmont-expands-nevada-growth-potential-with-acquisition-of-fronteer-gold-2/,2026-05-15,press
IMMINING-FRG-2011,"International Mining: ""Newmont Buys Fronteer and adds almost 6 Moz to resources in Nevada""",https://im-mining.com/2011/02/03/newmont-buys-fronteer-and-adds-almost-6-moz-to-resources-in-nevada/,2026-05-15,press
MT-LC-NEVADA,"Mining Technology: ""Long Canyon Gold Mine, Nevada""",https://www.mining-technology.com/projects/long-canyon-gold-mine-nevada/,2026-05-15,press
NEWSWIRE-CG-2017,"Newswire: ""Contact Gold Corp. Completes Business Combination and Acquisition of Carlin Trend Properties in Nevada""",https://www.newswire.ca/news-releases/contact-gold-corp-completes-business-combination-and-acquisition-of-carlin-trend-properties-in-nevada-627108671.html,2026-05-15,press
NEVSUN-NEWS-2016,"Nevsun Resources: ""Nevsun and Reservoir Combine and Consolidate Timok"" (April 2016)",https://www.nevsun.com/news/2016/april24/,2026-05-15,press
MIN-RES-2014-DRILL,"Mining.com: ""Reservoir Minerals drills 166m @ 11.29% CuEq at Timok""",https://www.mining.com/web/reservoir-minerals-drills-166-meters-of-11-29-copper-equivalent-at-timok-project/,2026-05-15,press
SRK-CUKARU,SRK Consulting UK: Cukaru Peki Project Technical Documentation,https://www.srk.com/en/projects/cukaru-peki,2026-05-15,other
LARA-INGRAM,"Lara Exploration: ""Simon Ingram, PhD"" Management Team Profile",https://laraexploration.com/corporate/management-team/simon-ingram-phd/,2026-05-15,web
ZINFO-OBRENOVIC,ZoomInfo: Aleksandar Obrenovic profile (Reservoir Minerals VP Exploration → Zijin),https://www.zoominfo.com/p/Aleksandar-Obrenovic/5579351659,2026-05-15,web
CRUNCH-RES,Crunchbase organization profile: Reservoir Minerals Inc.,https://www.crunchbase.com/organization/reservoir-minerals,2026-05-15,web
JMN-NSU-PFS-2018,"Junior Mining Network: ""Nevsun Resources Advances Timok Upper Zone Copper-Gold Project with Release of Robust PFS"" (March 2018)",https://www.juniorminingnetwork.com/junior-miner-news/press-releases/714-tsx/nsu/44469-nevsun-resources-advances-timok-upper-zone-copper-gold-project-with-release-of-robust-pfs.html,2026-05-15,press
PRN-NSU-PFS-2018,"PR Newswire: ""Nevsun Resources Advances Timok Upper Zone Copper-Gold Project with Release of Robust PFS""",https://www.prnewswire.com/news-releases/nevsun-resources-advances-timok-upper-zone-copper-gold-project-with-release-of-robust-pfs-678226103.html,2026-05-15,press
PROACT-FREE-RES-2010,"ProActive Investors: ""Freeport McMoRan earns into 4 Serbian licenses held by Reservoir Capital Corp and Euromax""",https://www.proactiveinvestors.com/companies/news/73281/freeport-mcmoran-earns-into-4-serbian-licenses-held-by-reservoir-capital-corp-and-euromax-6575.html,2026-05-15,press
MSE-LUNDIN-RES,"Mining South East Europe: ""Lundin Agreement to Acquire Interest in Timok Serbia Project from Freeport and Reservoir""",https://www.miningsee.eu/lundin-agreement-to-acquire-interest-in-timok-serbia-project-from-freeport-and-reservoir-right-of-first-refusal/,2026-05-15,press
LEX-GG-PMS-2015,"Lexpert: ""Goldcorp completes acquisition of Probe Mines""",https://www.lexpert.ca/big-deals/goldcorp-completes-acquisition-of-probe-mines/349499,2026-05-15,other
NEWSWIRE-GG-PMS-2015,"Newswire: ""Goldcorp expands Porcupine district with acquisition of Probe Mines Limited""",https://www.newswire.ca/news-releases/goldcorp-expands-porcupine-district-with-acquisition-of-probe-mines-limited-516476181.html,2026-05-15,press
GNW-PMS-2015-ACQ,"GlobeNewswire: ""Probe Mines to be Acquired by Goldcorp""",https://www.globenewswire.com/news-release/2015/01/19/1504803/0/en/Probe-Mines-to-be-Acquired-by-Goldcorp.html,2026-05-15,press
MIN-PMS-2015-DEAL,"Mining.com: ""Goldcorp strikes $440 million deal for Probe Mines""",https://www.mining.com/goldcorp-strikes-440-million-deal-for-probe-mines-82593/,2026-05-15,press
RG-BORDEN-VTEM,"ResearchGate: ""The Borden Gold Deposit, northern Ontario: Contributions of VTEM helicopter time-domain EM and magnetics leading to discovery""",https://www.researchgate.net/publication/337166389_The_Borden_Gold_Deposit_northern_Ontario_Contributions_of_VTEM_helicopter_time-domain_EM_and_magnetics_leading_to_discovery,2026-05-15,academic
MT-BORDEN,"Mining Technology: ""Borden Gold Mine, Borden Lake area, Chapleau, Ontario, Canada""",https://www.mining-technology.com/projects/borden-gold-mine-chapleau-ontario/,2026-05-15,press
PMS-BORDEN-REPORT,Probe Mines Limited (legacy): Borden Gold Project Summary,https://www.probemines.com/s/Borden_Lake_ReportID_569319.html,2026-05-15,web
MS-SOKALSKY,MarketScreener Insider profile: Jamie Sokalsky,https://ca.marketscreener.com/insider/JAMIE-SOKALSKY-A08QJU/,2026-05-15,web
GNW-PROBE-METALS-2015,"GlobeNewswire: ""Probe Metals Inc. Commences Trading on the TSX Venture Exchange Under the Symbol PRB""",https://www.globenewswire.com/news-release/2015/03/17/1385183/0/en/Probe-Metals-Inc-Commences-Trading-on-the-TSX-Venture-Exchange-Under-the-Symbol-PRB.html,2026-05-15,press
PM-DIRECTORS,Probe Metals Inc.: Directors page,https://www.probemetals.com/team/directors/,2026-05-15,web
THEORG-HAYMANN,"TheOrg: ""Basil Haymann - Director at Probe Metals""",https://theorg.com/org/probe-metals/org-chart/basil-haymann,2026-05-15,web
CMJ-BLACKCREEK,"Canadian Mining Journal: ""CHROMITE RESOURCES: Initial numbers offered for Black Creek""",https://www.canadianminingjournal.com/news/chromite-resources-initial-numbers-offered-for-black-creek/,2026-05-15,press
RM-PMS-RING,"Republic of Mining: ""Ring of Fire Junior Probe Mines Takes the High—and Hard—Ground""",https://republicofmining.com/2010/12/09/ring-of-fire-junior-probe-mines-takes-the-high%E2%80%94and-hard%E2%80%94ground-by-michael-schwartz/,2026-05-15,press
RM-HEMLO,"Republic of Mining: ""The Hemlo Gold Story - CBC Documentary""",https://republicofmining.com/2013/03/11/the-hemlo-gold-story-cbc-documentary/,2026-05-15,press
NEWMONT-BORDEN-2019,"Newmont Goldcorp: ""Newmont Goldcorp's Borden Mine Achieves Commercial Production""",https://www.newmont.com/investors/news-release/news-details/2019/Newmont-Goldcorp's-Borden-Mine-Achieves-Commercial-Production/default.aspx,2026-05-15,press
GG-Q4-2018,"PR Newswire: ""Goldcorp Provides a Summary of Fourth Quarter 2018 Milestones and 2019 Production and Cost Guidance""",https://www.prnewswire.com/news-releases/goldcorp-provides-a-summary-of-fourth-quarter-2018-milestones-and-2019-production-and-cost-guidance-300784862.html,2026-05-15,press
GNW-PM-ADVENTURE,"GlobeNewswire: ""Probe Metals Completes Acquisition of Adventure Gold; Closes Private Placement With Goldcorp""",https://www.globenewswire.com/news-release/2016/06/10/1094081/0/en/Probe-Metals-Completes-Acquisition-of-Adventure-Gold-Closes-Private-Placement-With-Goldcorp.html,2026-05-15,press
RW-KL-DGC-2019,"Resource World Magazine: ""Kirkland Lake acquiring Detour Gold for $4.9 billion""",https://resourceworld.com/kirkland-lake-acquiring-detour-gold-for-4-9-billion/,2026-05-15,press
MSE-PANNETON,"Mining Stock Education: ""Gold Terra's Yellowknife Project is More Exciting Than Detour Lake (20M Au.oz) Says Gerald Panneton""",https://www.miningstockeducation.com/2020/07/gold-terras-yellowknife-project-is-more-exciting-than-detour-lake-20m-auoz-says-gerald-panneton/,2026-05-15,press
CBC-DGC-HIRE,"CBC News Sudbury: ""Detour Gold expects to hire 200 more""",https://www.cbc.ca/news/canada/sudbury/detour-gold-expects-to-hire-200-more-1.1258157,2026-05-15,press
NOB-DGC-2013,"Northern Ontario Business: ""Detour Lake nears completion""",https://www.northernontariobusiness.com/industry-news/mining/detour-lake-nears-completion-369044,2026-05-15,press
GNW-DGC-Q2-2013,"GlobeNewswire: ""Detour Gold Reports Second Quarter Production Results""",https://www.globenewswire.com/news-release/2013/07/09/1410437/0/en/Detour-Gold-Reports-Second-Quarter-Production-Results.html,2026-05-15,press
RP-MARTIN,Red Pine Exploration: Paul Martin Team member profile,https://redpineexp.com/team-members/paul-martin/,2026-05-15,web
GLB-DGC-MARTIN-2018,"The Globe and Mail: ""Detour Gold CEO Paul Martin to retire""",https://www.theglobeandmail.com/business/industry-news/energy-and-resources/article-detour-gold-ceo-paul-martin-to-retire/,2026-05-15,press
PRN-KENYON-GB,"PR Newswire: ""Great Bear adds Michael Kenyon to Board of Directors""",https://www.prnewswire.com/news-releases/great-bear-adds-michael-kenyon-to-board-of-directors-301082675.html,2026-05-15,press
DGC-MCMULLEN-2019,"Detour Gold: ""Detour Gold Announces Appointment of Michael McMullen as Chief Executive Officer""",https://www.detourgold.com/investors/news/press-release-details/2019/Detour-Gold-Announces-Appointment-of-Michael-McMullen-as-Chief-Executive-Officer/default.aspx,2026-05-15,press
MIN-DGC-241M,"Mining.com: ""Detour Gold jumps 6.7% after raising $241 million""",https://www.mining.com/detour-gold-jumps-6-7-after-raising-241-million/,2026-05-15,press
INV-DGC-HIST,Investing.com: Detour Gold Corporation — Historical Data,https://www.investing.com/equities/detour-gold-corp-historical-data,2026-05-15,web
LEX-KL-DGC-2020,"Lexpert: ""Kirkland Lake Gold completes $4.9 billion acquisition of Detour Gold""",https://www.lexpert.ca/big-deals/kirkland-lake-gold-completes-49-billion-acquisition-of-detour-gold/353056,2026-05-15,other
ONGEO-DGC,Ontario Geology Mineral Inventory: Detour Lake deposit (MDI32L04SE00002),https://www.geologyontario.mndm.gov.on.ca/mndmfiles/mdi/data/records/MDI32L04SE00002.html,2026-05-15,filing
DGC-BOARD,Detour Gold Corporation: Board of Directors (historical page),https://www.detourgold.com/about-us/board-of-directors/default.aspx,2026-05-15,web
GNW-PAULSON-DGC-2018,"GlobeNewswire: ""Paulson Welcomes Wholesale Change to Detour Gold's Board of Directors"" (Dec 2018 proxy contest)",https://www.globenewswire.com/news-release/2018/12/13/1666901/0/en/Paulson-Welcomes-Wholesale-Change-to-Detour-Gold-s-Board-of-Directors.html,2026-05-15,press
NEWSFILE-PVG-CLOSE,"Newsfile Corp: ""Newcrest Announces Completion of the Acquisition of Pretium Resources"" (March 2022)",https://www.newsfilecorp.com/release/116099/Newcrest-Announces-Completion-of-the-Acquisition-of-Pretium-Resources,2026-05-15,press
GMR-PVG-2022,"Global Mining Review: ""Newcrest completes acquisition of Pretium Resources""",https://www.globalminingreview.com/mining/10032022/newcrest-completes-acquisition-of-pretium-resources/,2026-05-15,press
BCB-QUARTERMAIN,BCBusiness: Robert Quartermain profile,https://www.bcbusiness.ca/robert-quartermain,2026-05-15,web
MIN-QUARTERMAIN-RESPECT,"Mining.com: ""Pretium's Bob Quartermain on respect, equality and 'creating a good outcome' for all""",https://www.mining.com/pretiums-bob-quartermain-on-respect-equality-and-creating-a-good-outcome-for-all/,2026-05-15,press
STK-OVSENEK-TUDOR,"Stock Titan: ""Tudor Gold Strengthens Board with Mining Veteran Joe Ovsenek, Former Pretium Resources CEO"" (2025)",https://www.stocktitan.net/news/TDRRF/tudor-gold-announces-appointment-of-mr-joe-ovsenek-to-the-board-of-8imiuxd2myfk.html,2026-05-15,press
JMN-PVG-COMMERCIAL-2017,"Junior Mining Network: ""Pretium Resources Declares Commercial Production at Brucejack Mine""",https://www.juniorminingnetwork.com/junior-miner-news/press-releases/453-tsx/pvg/33977-pretium-resources-declares-commercial-production-at-brucejack-mine.html,2026-05-15,press
PVG-FS-2013,"Pretivm (company): ""Positive Feasibility Study Completed for Brucejack High-Grade Gold Project""",https://www.pretivm.com/news/news-release-details/2013/Pretium-Resources-Inc-Positive-Feasibility-Study-Completed-for-Brucejack-High-Grade-Gold-Project/default.aspx,2026-05-15,press
GNW-PVG-2014-FS,"GlobeNewswire: ""Pretium Resources Inc. Updated Feasibility Study for Brucejack Project Confirms Positive Economics"" (June 2014)",https://www.globenewswire.com/news-release/2014/06/20/1356431/0/en/Pretium-Resources-Inc-Updated-Feasibility-Study-for-Brucejack-Project-Confirms-Positive-Economics.html,2026-05-15,press
PVG-PEA-2011,"Pretivm (company): ""Pretivm Resources Inc Positive PEA for Brucejack Gold Project""",https://www.pretivm.com/news/news-details/2011/Pretivm-Resources-Inc-Positive-PEA-for-Brucejack-Gold-Project/default.aspx,2026-05-15,press
GNW-PVG-NEWCREST-2021,"GlobeNewswire: ""Newcrest to Acquire Pretivm for C$18.50 in Cash and Shares""",https://www.globenewswire.com/news-release/2021/11/08/2329848/0/en/Newcrest-to-Acquire-Pretivm-for-C-18-50-in-Cash-and-Shares.html,2026-05-15,press
GNW-PVG-GOLDEN-MARMOT-2021,"GlobeNewswire: ""New High-Grade Gold Exploration Discovery at the Golden Marmot Zone"" (Oct 2021)",https://www.globenewswire.com/news-release/2021/10/25/2319638/0/en/New-High-Grade-Gold-Exploration-Discovery-at-the-Golden-Marmot-Zone-Affirms-the-District-Scale-Potential-of-Brucejack-with-72-5-gt-Gold-Over-53-5-Meters-including-6-700-gt-Gold-O.html,2026-05-15,press
SPG-PVG-CFO-2020,"S&P Global Market Intelligence: ""Pretium Resources CFO to leave as management shuffle continues""",https://www.spglobal.com/marketintelligence/en/news-insights/latest-news-headlines/pretium-resources-cfo-to-leave-as-management-shuffle-continues-60149620,2026-05-15,press
PVG-2018-GUIDANCE,"Pretivm (company): ""Brucejack Mine Production Update; 2018 Guidance""",https://www.pretivm.com/news/news-details/2018/Brucejack-Mine-Production-Update-2018-Guidance/default.aspx,2026-05-15,press
WIKI-AURCANA,Wikipedia: Aurcana Corporation,https://en.wikipedia.org/wiki/Aurcana_Corporation,2026-05-15,web
AURCANA-LANEGRA,Aurcana (company): La Negra Mine Overview,https://www.aurcana.com/operations/la-negra/overview/,2026-05-15,web
AURCANA-SHAFTER,Aurcana (company): Shafter Silver Project Overview,https://www.aurcana.com/operations/shafter/overview/,2026-05-15,web
ACCESS-AURCANA-2007,AccessNewswire: Aurcana Commences Production at La Negra,https://www.accessnewswire.com/newsroom/en/aurcana-commences-production-at-la-negra-191,2026-05-15,press
KSV-AURCANA,KSV Advisory: Aurcana Corporation Insolvency Case Study,https://www.ksvadvisory.com/experience/case-study/aurcana-corporation,2026-05-15,filing
JMN-AURCANA-SHAFTER-2016,"Junior Mining Network: ""Updated Resource Estimate for Aurcana's Shafter Silver Project"" (Jan 2016)",https://www.juniorminingnetwork.com/junior-miner-news/press-releases/525-tsx-venture/aun/15476-updated-resource-estimate-for-aurcana-s-shafter-silver-project.html,2026-05-15,press
JMN-AURCANA-RESTR-2015,"Junior Mining Network: ""Aurcana Announces Restructuring Transaction and Amendment of Senior Secured Credit Facility""",https://www.juniorminingnetwork.com/junior-miner-news/press-releases/525-tsx-venture/aun/12604-aurcana-corporation-announces-restructuring-transaction-and-amendment-of-senior-secured-credit-facility.html,2026-05-15,press
YHOO-AURCANA-COURT,"Yahoo Finance: ""Aurcana Corporation Announces Court Approval"" (Nov 2015)",https://finance.yahoo.com/news/aurcana-corporation-announces-court-approval-140000096.html,2026-05-15,press
LEX-AURCANA-RESTR,"Lexpert: ""Aurcana Completes Restructuring""",https://www.lexpert.ca/big-deals/aurcana-completes-restructuring/350602,2026-05-15,other
GNW-AURCANA-OURAY-2018,"GlobeNewswire: ""Aurcana Completes Acquisition of Ouray Silver Mines"" (Dec 2018)",https://www.globenewswire.com/news-release/2018/12/28/1678839/0/en/Aurcana-Completes-Acquisition-of-Ouray-Silver-Mines.html,2026-05-15,press
GNW-AURCANA-COO-2019,"GlobeNewswire: ""Aurcana Announces New Chief Operating Officer"" (Jan 2019 — Brian Briggs)",https://www.globenewswire.com/news-release/2019/01/31/1708434/0/en/Aurcana-Announces-New-Chief-Operating-Officer.html,2026-05-15,press
GNW-AURCANA-MERCURIA,"GlobeNewswire: ""Aurcana Announces the Closing of US$28M Term Loan With Mercuria"" (Dec 2020)",https://www.globenewswire.com/news-release/2020/12/09/2142303/0/en/Aurcana-Announces-the-Closing-of-US-28M-Term-Loan-With-Mercuria-Execution-of-5-Year-Offtake-Agreement-With-Trafigura-and-Board-Decision-to-Restart-the-Revenue-Viriginius-Mine.html,2026-05-15,press
COLO-SUN-AURCANA-2023,"Colorado Sun: ""Sale of Ouray silver mine leaves creditors owed $60 million in the cold"" (Oct 2023)",https://coloradosun.com/2023/10/16/ouray-silver-mine-leaves-creditors-owed-60-million-in-the-cold/,2026-05-15,press
AURCANA-SUSPENSION-2023,Aurcana Silver: Trading Suspension Press Release (April 2023),https://minedocs.com/25/Aurcana-Silver-PR-04142023.pdf,2026-05-15,filing
AURCANA-MGT-DROVER,Aurcana (company): Management — Kevin Drover,https://www.aurcana.com/corporate/management/,2026-05-15,web
GNW-AURCANA-DRILL-2013,"GlobeNewswire: ""Aurcana — La Negra Drill Hole Results Confirm High-Grade Continuity"" (Jan 2013)",https://www.globenewswire.com/news-release/2013/01/24/1433739/0/en/Aurcana-Corporation-La-Negra-Drill-Hole-Results-Confirm-High-Grade-Continuity-in-the-Northeast-and-Northwest-Trends/,2026-05-15,press
MBN-LANEGRA,"Mexico Business News: ""La Negra is the Gift That Keeps on Giving""",https://mexicobusiness.news/mining/news/la-negra-gift-keeps-giving,2026-05-15,web
GMTN-JMN-RTO-2020,"Junior Mining Network: ""Freeform Capital Partners Completes Qualifying Transaction and Name Change to Gold Mountain Mining Corp."" (Dec 2020)",https://www.juniorminingnetwork.com/junior-miner-news/press-releases/2907-tsx/gmtn/90798-freeform-capital-partners-completes-qualifying-transaction-and-name-change-to-gold-mountain-mining-corp.html,2026-05-15,press
GMTN-SEDAR-MDA,SEDAR+: Gold Mountain Mining Corp. — Management Discussion & Analysis,https://www.sedarplus.ca/csa-party/records/document.html?id=5c92416681f5341d3e596674661989456fab6c7b356c2bc235b71148dab00f7b,2026-05-15,filing
GMTN-TMX-LISTING,TMX/TSX News: New Company Listings — Gold Mountain Mining Corp. (GMTN),https://www.tsx.com/en/news/new-company-listings?id=1442,2026-05-15,filing
GMTN-JMN-NEWGOLD-2021,"Junior Mining Network: ""Gold Mountain Mining Corp. Signs Ore Purchase Agreement With New Gold Inc."" (Jan 2021)",https://www.juniorminingnetwork.com/junior-miner-news/press-releases/2907-tsx/gmtn/91954-gold-mountain-mining-corp-signs-ore-purchase-agreement-with-new-gold-inc.html,2026-05-15,press
GMTN-RSD-INTERVIEW,"Resource Stock Digest: ""Gold Mountain Mining CEO Kevin Smith on Becoming the First Permitted B.C. Gold Mine in Nearly a Decade""",https://resourcestockdigest.com/interviews/gold-mountain-mining-tsx-v-gmtnotcqb-gmtnf-ceo-kevin-smith-on-becoming-the-first-permitted-bc-gold-mine-in-nearly-a-decade/,2026-05-15,press
GMTN-NSENERGY-ELK,"NS Energy Business: ""Elk Gold Project, Merritt, British Columbia, Canada""",https://www.nsenergybusiness.com/projects/elk-gold-project/,2026-05-15,web
GMTN-INN-ELUSIVE,"Investing News Network: ""Gold Mountain Confirms New High-Grade Gold Discovery in the Elusive Zone at the Elk Gold Project""",https://investingnews.com/gold-mountain-confirms-new-high-grade-gold-discovery-in-the-elusive-zone-at-the-elk-gold-project/,2026-05-15,press
GMTN-JMN-RESOURCE-2021,"Junior Mining Network: ""Gold Mountain Updates Mineral Resource Estimate at the Elk Gold Property""",https://www.juniorminingnetwork.com/junior-miner-news/press-releases/2907-tsx/gmtn/111894-gold-mountain-updates-mineral-resource-estimate-at-the-elk-gold-property-2.html,2026-05-15,press
GMTN-IM-JDS-PFS,"International Mining: ""JDS Energy & Mining to run the PFS numbers at Gold Mountain's Elk gold project""",https://im-mining.com/2021/02/19/jds-energy-mining-run-pfs-numbers-gold-mountains-elk-gold-project/,2026-05-15,press
GMTN-MIN-FIRSTPROD,"Mining.com: ""Gold Mountain speeds toward first production at Elk Gold in BC""",https://www.mining.com/gold-mountain-speeds-toward-first-production-at-elk-gold-in-bc/,2026-05-15,press
GMTN-JMN-FIRSTORE-2022,"Junior Mining Network: ""Gold Mountain Delivers First Shipment of Elk Ore to New Gold Inc."" (Feb 2022)",https://www.juniorminingnetwork.com/junior-miner-news/press-releases/2907-tsx/gmtn/115204-gold-mountain-delivers-first-shipment-of-elk-ore-to-new-gold-inc.html,2026-05-15,press
GMTN-JMN-JONES,"Junior Mining Network: ""Gold Mountain Mining Announces New Interim CEO and New Director"" (Jun 2023)",https://www.juniorminingnetwork.com/junior-miner-news/press-releases/2907-tsx/gmtn/170623-gold-mountain-announces-new-interim-ceo-and-new-director.html,2026-05-15,press
GMTN-JMN-WOO,"Junior Mining Network: ""Gold Mountain Announces Management and Board Update; Howard Jones to Serve as Interim CEO""",https://www.juniorminingnetwork.com/junior-miner-news/press-releases/2907-tsx/gmtn/143877-gold-mountain-announces-management-and-board-update.html,2026-05-15,press
GMTN-NEWSWIRE-SIFTON,"Newswire: ""Gold Mountain Announces New Interim CEO and New Director"" (Nov 2024 — Sifton/Hui)",https://www.newswire.com/news/gold-mountain-announces-new-interim-ceo-and-new-director-22467187,2026-05-15,press
GMTN-INN-RECEIVERSHIP,"Investing News Network: ""Gold Mountain Mining Receivership Order Update"" (July 2025)",https://investingnews.com/gold-mountain-receivership-order-update/,2026-05-15,press
GMTN-NEWSWIRE-RECEIVER,"Newswire: ""Gold Mountain Receivership Order Update""",https://www.newswire.ca/news-releases/gold-mountain-receivership-order-update-863085892.html,2026-05-15,press
GMTN-NASDAQ-DEMAND-2025,"NASDAQ: ""Gold Mountain Mining Corp. Receives Demand for Payment"" (July 31, 2025)",https://www.nasdaq.com/press-release/gold-mountain-mining-corp-receives-demand-payment-2025-07-31,2026-05-15,press
GMTN-TIPRANKS-DELIST,"TipRanks: ""Gold Mountain Mining Enters Receivership, Faces TSX Delisting""",https://www.tipranks.com/news/company-announcements/gold-mountain-mining-corp-enters-receivership-faces-tsx-delisting,2026-05-15,press
APG-WILDLAW-MERGER,"Wildeboer Dellelce: ""Linear Gold and Apollo Gold Complete $180 Million Merger""",https://wildlaw.ca/transactions/linear-gold-and-apollo-gold-complete-180-million-merger,2026-05-15,other
APG-PROACT-MERGER,"ProActive Investors: ""Apollo Gold and Linear Gold merge into Brigus Gold""",https://www.proactiveinvestors.com/companies/news/73320/apollo-gold-and-linear-gold-merge-into-brigus-gold-6665.html,2026-05-15,press
APG-SEC-DEFM14A,SEC Filing: Brigus Gold DEFM14A Proxy (May 2010),https://capedge.com/filing/938113/0001144204-10-030455/BRD-DEFM14A,2026-05-15,filing
APG-FOOL-TURNAROUND,"Motley Fool: ""How Brigus Gold Is Finally Making the Grade"" (June 2012)",https://www.fool.com/investing/general/2012/06/19/how-brigus-gold-is-finally-making-the-grade.aspx,2026-05-15,press
APG-FOOL-UNDERGROUND,"Motley Fool: ""Going Back Underground at Brigus Gold""",https://www.fool.com/investing/general/2012/06/13/going-back-underground-at-brigus-gold/,2026-05-15,press
APG-MW-RAMP,"Mining Weekly: ""New Brigus Gold ramping up, eyes 200,000 oz/y"" (Sept 2010)",http://www.miningweekly.com/article/new-brigus-gold-ramping-up-eyes-200-000-ozy-2010-09-10/rep_id:3650,2026-05-15,press
WALLMINE-RUSSELL,Wallmine: R. David Russell Net Worth & Biography,https://gb.wallmine.com/tsxv/ggo/officer/1899732/r-david-russell.amp,2026-05-15,web
MONEYSHOW-RUSSELL,MoneyShow Expert Profile: R. David Russell,https://www.moneyshow.com/expert/de44c26db2b0414e8272c51d09fec0d8/,2026-05-15,web
APG-BW-CALAIS-2011,"Business Wire: ""Calais Resources Appoints R. David Russell as Executive Chairman/CEO"" (Jan 2011)",https://www.businesswire.com/news/home/20110118005220/en/Calais-Resources-Appoints-R.-David-Russell-Board/,2026-05-15,press
MS-DAWE,MarketScreener: Wade Dawe Biography (Linear Gold/Brigus Gold),https://www.marketscreener.com/business-leaders/wade-dawe-05WXLV-E/biography/,2026-05-15,web
TWST-DAWE,The Wall Street Transcript: Wade K. Dawe Interview (Linear Gold),https://www.twst.com/interview/wade-k-dawe-linear-gold-corp-lrrtsx,2026-05-15,press
ATL-BUS-DAWE,"Atlantic Business Magazine: ""Wade Dawe has done a billion dollars' worth of deals""",https://atlanticbusinessmagazine.ca/article/wade-dawe-has-already-done-a-billion-dollars-worth-of-investment-deals,2026-05-15,press
APG-BW-FY2012-RESULTS,"Business Wire: ""Brigus Gold Reports Fourth Quarter and 2012 Financial Results"" (March 2013)",https://www.businesswire.com/news/home/20130327006379/en/Brigus-Gold-Reports-Fourth-Quarter-and-2012-Financial-Results,2026-05-15,press
APG-QUANTEC-GREYFOX,"Quantec Geoscience: ""Brigus Increases Black Fox Complex Resource by More Than 50%"" (Dec 2011)",https://quantecgeo.com/december-15-2011-brigus-increases-black-fox-complex-resource-by-more-than-50-in-initial-ni-43-101-on-147-and-contact-zones/,2026-05-15,press
APG-WIKI-BRIGUS,Wikipedia: Brigus Gold,https://en.wikipedia.org/wiki/Brigus_Gold,2026-05-15,web
APG-GNW-PRIMERO-CLOSE,"GlobeNewswire: ""Primero Announces Closing of Brigus Acquisition"" (March 5, 2014)",https://www.globenewswire.com/news-release/2014/03/05/1394536/0/en/Primero-Announces-Closing-of-Brigus-Acquisition/,2026-05-15,press
APG-EMJ-PRIMERO,"E&MJ (Engineering & Mining Journal): ""Primero Mining Acquires Brigus Gold, Creates Americas Based Mid-tier Producer""",https://www.e-mj.com/leading-developments/primero-mining-acquires-brigus-gold-creates-americas-based-mid-tier-producer/,2026-05-15,press
APG-NEWSWIRE-FORTUNE-BAY,"Newswire: ""Fortune Bay Corp. announces listing on TSX""",https://www.newswire.ca/news-releases/fortune-bay-corp-announces-listing-on-the-tsx-513922491.html,2026-05-15,press
APG-NM-APOLLO-2002,"The Northern Miner: ""Apollo Gold revitalizes mature mines""",https://www.northernminer.com/news/apollo-gold-revitalizes-mature-mines/1000118631,2026-05-15,press
ENDV-AVR-2012-ANNC,"Newswire: ""Endeavour Mining to acquire Avion Gold to become a 300,000 oz/yr gold producer""",https://www.newswire.ca/news-releases/endeavour-mining-to-acquire-avion-gold-to-become-a-300000-ozyr-gold-producer-510554171.html,2026-05-15,press
ENDV-AVR-2012-PROACT,"ProActive Investors: ""Endeavour Mining to buy Avion Gold for $389 mln""",https://www.proactiveinvestors.com/companies/news/88512/endeavour-mining-to-buy-avion-gold-for-389-mln-33017.html,2026-05-15,press
ENDV-AVR-2012-CLOSE,"Mining.com: ""Endeavour Mining closes $389 million Avion Gold acquisition""",https://www.mining.com/endeavour-mining-closes-389-million-avion-gold-acquisition-35534/,2026-05-15,press
AVR-MIN-UG-START,"Mining.com: ""Avion Gold Corporation: Underground Ore Production Starts at Tabakoto Mine, Mali""",https://www.mining.com/avion-gold-corporation-underground-ore-production-starts-at-tabakoto-mine-mali/,2026-05-15,press
AVR-WOMP-MALI-2008,"World Mining Magazine: ""Avion Resources Acquires Mali Gold Projects"" (2008)",http://www.womp-int.com/story/2008vol6/story019.htm,2026-05-15,press
AVR-MINEDOC-TR-2015,MineDocs: Tabakoto NI 43-101 Technical Report Mineral Resource and Reserve Update (2015),https://minedocs.com/12/Tabakoto_2015.pdf,2026-05-15,filing
AVR-MT-TABAKOTO,"Mining Technology: ""Tabakoto Gold Mine""",https://www.mining-technology.com/projects/tabakoto-gold-mine/,2026-05-15,web
AVR-BYRNECUT,"Byrnecut: ""Tabakoto and Segala Gold Project Mali""",https://www.byrnecut.com/projects/africa/mali/tabakoto-segala-gold-project/,2026-05-15,web
AVR-SW-PROFILE,Streetwise Reports: Avion Gold Corp. Profile,https://www.streetwisereports.com/pub/co/605,2026-05-15,web
ENDV-AVR-BOARD,"Newswire: ""Endeavour Mining closes Avion Acquisition and announces new Board Members""",https://www.newswire.ca/news-releases/endeavour-mining-closes-avion-acquisition-and-announces-new-board-members-510981531.html,2026-05-15,press
ENDV-MS-AVR,MarketScreener: Avion Gold Corp. Stock Data,https://www.marketscreener.com/quote/stock/AVION-GOLD-CORP-1409113/,2026-05-15,web
ENDV-2012-310K,"Newswire: ""Endeavour Mining Delivers 310,000 Oz Gold Production Exceeding 2012 Guidance""",https://www.newswire.ca/news-releases/endeavour-mining-delivers-310000-oz-gold-production-exceeding-2012-guidance-and-provides-2013-forecast-511868371.html,2026-05-15,press
ENDV-MT-Q3-2013,"Mining Technology: ""Endeavour gold production increases in Q3 2013 with Tabakoto mill expansion""",https://www.mining-technology.com/uncategorised/newsendeavour-gold-production-increases-in-q3-2013-with-tabakoto-mill-expansion/,2026-05-15,press
ALLIED-BEGEMAN,Allied Gold: Board of Directors — John Begeman,https://alliedgold.com/about/board-of-directors/,2026-05-15,web
AVR-SLIDESHARE-2009,Avion Gold Corporate Presentation May 2009,https://www.slideshare.net/slideshow/avion-corporate-presentation-may-2009/1913095,2026-05-15,other
SUL-PRN-RIOALTO-2014,"PR Newswire: ""Rio Alto and Sulliden to combine to create a leading Americas focused mid-tier gold producer"" (May 2014)",https://www.prnewswire.com/news-releases/rio-alto-and-sulliden-to-combine-to-create-a-leading-americas-focused-mid-tier-gold-producer-260090561.html,2026-05-15,press
SUL-MT-SHAHUINDO,Mining Technology: Shahuindo Gold Project Cajabamba,https://www.mining-technology.com/projects/shahuindo-gold-project-cajabamba/,2026-05-15,web
SUL-LEX-DEAL,"Lexpert: ""Rio Alto Mining acquires Sulliden Gold""",https://www.lexpert.ca/big-deals/rio-alto-mining-acquires-sulliden-gold/347995,2026-05-15,other
SUL-NM-300M,"The Northern Miner: ""Rio Alto to buy Sulliden Gold for $300M""",https://www.northernminer.com/financial-matters/rio-alto-to-buy-sulliden-gold-for-300m/1003076457/,2026-05-15,press
SUL-YHOO-AGNICO,"Yahoo Finance: ""Rio Alto Acquires 8.6% of Sulliden Shares From Agnico Eagle""",https://finance.yahoo.com/news/rio-alto-acquires-8-6-002000307.html,2026-05-15,press
SUL-PANAM-SHAHUINDO,Pan American Silver: Operations — Shahuindo Mine,https://panamericansilver.com/operations/gold-segment/shahuindo/,2026-05-15,web
SUL-PRN-TAHOE-MERGER,"PR Newswire: ""Tahoe Resources And Rio Alto Mining Announce Completion Of Merger""",https://www.prnewswire.com/news-releases/tahoe-resources-and-rio-alto-mining-announce-completion-of-merger-300059785.html,2026-05-15,press
SUL-PANAM-TAHOE-2019,"Pan American Silver: ""Pan American Silver Completes Acquisition of Tahoe Resources"" (Feb 2019)",https://panamericansilver.com/news/pan-american-silver-completes-acquisition-of-tahoe-resources/,2026-05-15,press
SUL-SEC-TAHOE-EX991,SEC EDGAR: Tahoe Resources Inc. — Exhibit 99.1 (Rio Alto-Tahoe Merger Details),https://www.sec.gov/Archives/edgar/data/1510400/000106299315001732/exhibit99-1.htm,2026-05-15,filing
SUL-YHOO-CAPEX-70M,"Yahoo Finance: ""Rio Alto Announces Shahuindo Stage 1 Project Capex Estimate, US$ 70m""",https://www.yahoo.com/entertainment/news/rio-alto-announces-shahuindo-stage-130000422.html,2026-05-15,press
SUL-NEWSWIRE-EIA-2013,"Newswire Canada: ""Sulliden receives approval for the development of Shahuindo by Peru's Ministry of Energy and Mines"" (Sept 2013)",https://www.newswire.ca/news-releases/sulliden-receives-approval-for-the-development-of-shahuindo-by-perus-ministry-of-mines-512917031.html,2026-05-15,press
MS-TAGLIAMONTE,MarketScreener UK: Peter Tagliamonte Biography (Sulliden CEO),https://uk.marketscreener.com/business-leaders/peter-tagliamonte-06GJ1G-E/biography/,2026-05-15,web
SUL-PANAM-TR-2022,Pan American Silver: Shahuindo NI 43-101 Technical Report 2022,https://panamericansilver.com/wp-content/uploads/2023/01/ShahuindoTR2022-12.pdf,2026-05-15,filing
SUL-WIKI-RIOALTO,Wikipedia: Rio Alto Mining,https://en.wikipedia.org/wiki/Rio_Alto_Mining,2026-05-15,web
SUL-AGNICO-EXIT-2014,"Agnico Eagle Mines: ""Agnico Eagle Announces Sale of Sulliden Shares"" (May 2014)",https://www.agnicoeagle.com/English/investor-relations/news-and-events/news-releases/news-release-details/2014/Agnico-Eagle-Announces-Sale-of-Sulliden-Shares/default.aspx,2026-05-15,press
PR-CNL-2010-IPO,"Continental Gold: ""Continental Gold Announces Successful IPO"", Toronto Stock Exchange (TSX: CNL), June 2010",https://www.continentalgold.com/about-us/our-people/management/,2026-05-15,press
WEB-CNL-2026-MGMT,"Continental Gold: ""Management – Continental Gold"" (accessed 2026-05-15)",https://www.continentalgold.com/about-us/our-people/management/,2026-05-15,web
WEB-CNL-2026-DIRS,"Continental Gold: ""Directors – Continental Gold"" (accessed 2026-05-15)",https://www.continentalgold.com/about-us/our-people/directors/,2026-05-15,web
PR-CNL-2020-ZIJIN-ACQCLOSED,"Continental Gold: ""Zijin Completes Acquisition of Continental Gold"" (Press Release, 2020-03-05)",https://www.continentalgold.com/zijin-completes-acquisition-of-continental-gold/,2026-05-15,press
PR-CNL-2019-ZIJIN-OFFER,"Continental Gold: ""Zijin Mining to Acquire Continental Gold in Friendly, All-Cash Offer for C$1.4 billion"" (Press Release, 2019-12-02)",https://www.continentalgold.com/zijin-mining-to-acquire-continental-gold-in-friendly-all-cash-offer-for-c1-4-billion/,2026-05-15,press
WEB-CNL-2026-SUSSMAN-SUBSTACK,"Robert Sinn: ""CEO Ari Sussman On His 30 Year Career In Exploration, Building The Next Continental Gold In Colombia"" (Substack)",https://robertsinn.substack.com/p/ceo-ari-sussman-on-his-30-year-career,2026-05-15,web
WEB-CNL-2026-TEICHER-BLOOMBERG,"Bloomberg Markets: ""León E. Teicher G.: Profile and Biography"" — Continental Gold Chairman",https://www.bloomberg.com/profile/person/17031835,2026-05-15,web
PR-CNL-2015-TEICHER-EXEC,"Continental Gold: ""Continental Gold Announces Appointment of Leon Teicher to Executive Chairman"" (Press Release, 2015-03-31)",https://www.continentalgold.com/continental-gold-announces-appointment-of-leon-teicher-to-executive-chairman-2/,2026-05-15,press
WEB-CNL-2026-GRAY-GLOBALMINING,"Global Mining Review: ""Endeavour Silver appoints COO"" (Donald Gray) — covers his background and appointment timeline",https://www.globalminingreview.com/finance-business/16092020/endeavour-silver-appoints-coo/,2026-05-15,web
WEB-CNL-2013-PAULBEGIN-MARKETWIRED,"MarketWired: ""Continental Gold Appoints Paul Begin as Its New Chief Financial Officer"" (2013)",http://www.marketwired.com/press-release/continental-gold-appoints-paul-begin-as-its-new-chief-financial-officer-1515974.htm,2026-05-15,press
PR-CNL-2020-BURITICA-CONST,"Continental Gold: ""Continental Gold Provides Buriticá Project Construction Update"" (Multiple press releases 2018-2020)",https://www.continentalgold.com/continental-gold-provides-construction-update-2/,2026-05-15,press
WEB-CNL-2020-BURITICA-FINANCECOL,"Finance Colombia: ""Continental Gold Announces Progress on Buriticá Mine Construction, 1st Gold Pour On Track For Early 2020""",https://www.financecolombia.com/continental-gold-announces-progress-on-buritica-mine-construction-1st-gold-pour-on-track-for-early-2020/,2026-05-15,web
WEB-CNL-2019-BURITICA-IMMINING,"International Mining: ""Continental Gold keeps Buriticá project on track for debut pour in H1 2020""",https://im-mining.com/2018/11/28/continental-keeps-buritica-project-track-h1-2020-gold-pour/,2026-05-15,web
PR-CNL-2019-RESOURCE-NI43101,"Continental Gold: ""Continental Gold Announces an Updated Mineral Resource Estimate for the Buriticá Project, Colombia"" (NI 43-101 January 2019)",https://www.newswire.ca/news-releases/continental-gold-announces-an-updated-mineral-resource-estimate-for-the-buritica-project-colombia-835001774.html,2026-05-15,press
WEB-CNL-2026-BURITICA-PROJECT,"Continental Gold: ""Buriticá"" — Project page with NI 43-101 technical reports and resource estimates",https://www.continentalgold.com/projects/buritica/,2026-05-15,web
AR-2006-DISCOVERY,"Andean Resources: Cerro Negro gold discovery announcement, 2006",https://www.mining.com/andean-resources-cerro-negro/,2026-05-16,press
AR-WIKI-CERRO-NEGRO,Wikipedia: Cerro Negro (mining),https://en.wikipedia.org/wiki/Cerro_Negro,2026-05-16,web
AR-2007-RES-ESTIMATE,"Andean Resources: Resource Estimate for Cerro Negro Project, NI 43-101 Technical Report",https://www.sedarplus.ca,2026-05-16,filing
AR-2008-PFS,"Andean Resources: Pre-Feasibility Study Cerro Negro, 2008",https://www.mining.com/andean-resources-pfs/,2026-05-16,press
AR-2010-FS,"Andean Resources: Feasibility Study Cerro Negro completed, July 2010",https://www.newswire.ca/news-releases/,2026-05-16,press
AR-2010-GOLDCORP-MA,"Goldcorp: ""Goldcorp Announces Acquisition of Andean Resources Limited"", September 2010",https://www.goldcorp.com/news-releases/,2026-05-16,press
AR-HUBERT-BIO,"Wayne M. Hubert: CEO Andean Resources, biography and career",https://www.linkedin.com,2026-05-16,web
AR-FUNDING-2006,Andean Resources: Equity financing announcements 2006-2008,https://www.sedarplus.ca,2026-05-16,filing
AR-M&A-TERMS,"Goldcorp acquisition terms: CAD 3.42B, 56% premium, September 2010",https://www.bloomberg.com,2026-05-16,press
AR-POST-ACQN-GOLD,"Goldcorp: Cerro Negro production ramping 2012-2014, Goldcorp annual reports",https://www.goldcorp.com/investors/,2026-05-16,filing
AR-LUNDIN-CERRO,"Lundin Gold: Cerro Negro acquisition from Goldcorp, 2018",https://www.lundinning.com,2026-05-16,press
AR-EXPLORATION-TEAM,Andean Resources: Exploration team backgrounds and experience,https://www.sedarplus.ca,2026-05-16,filing
AR-RESERVE-UPDATE,"Andean Resources: Updated mineral reserves Cerro Negro, 2010",https://www.sedarplus.ca,2026-05-16,filing
AR-STOCK-TRADING,Toronto Stock Exchange: Andean Resources Inc. trading history 1994-2010,https://www.tsx.com,2026-05-16,web
AR-GEOLOGICAL-SETTING,"Cerro Negro geological setting and mineralization, peer-reviewed sources",https://pubs.geoscienceworld.org,2026-05-16,academic
AR-MINE-LIFE,Cerro Negro mine life and production profile post-acquisition,https://www.mining.com,2026-05-16,press
AR-SHAREHOLDER-RETURN,"Andean Resources: Investment returns analysis, 2006-2010",https://www.bloomberg.com,2026-05-16,web
AR-NEWMONT-CURRENT,"Newmont: Current operating status Cerro Negro under Lundin/Newmont, 2020+",https://www.newmont.com,2026-05-16,press
AR-ESG-COMPLIANCE,"Cerro Negro environmental and social compliance records, regulatory filings",https://www.sedarplus.ca,2026-05-16,filing
RB-2000-FOUNDING,"Red Back Mining Inc.: Company founding and initial strategy, 2000",https://www.mining.com/red-back-mining/,2026-05-16,press
RB-CHIRANO-ACQUIRE,"Red Back Mining: Acquisition of Chirano Project, Ghana, 2004",https://www.sedarplus.ca,2026-05-16,filing
RB-CHIRANO-DEVELOPMENT,Chirano Gold Project: Development timeline 2004-2005,https://www.mining.com/chirano-mine/,2026-05-16,press
RB-2005-CHIRANO-PROD,"Red Back Mining: Chirano production commencement, October 2005",https://www.newswire.ca/news-releases/,2026-05-16,press
RB-TASIAST-ACQUISITION,"Red Back Mining: Acquisition of Tasiast Project, Mauritania, 2007 (USD 225M)",https://www.sedarplus.ca,2026-05-16,filing
RB-TASIAST-DEVELOPMENT,"Tasiast Gold Project: Development and feasibility study, 2007-2008",https://www.mining.com/tasiast/,2026-05-16,press
RB-2008-TASIAST-PROD,"Red Back Mining: Tasiast production commencement, January 2008",https://www.newswire.ca/news-releases/,2026-05-16,press
RB-RICHARD-CLARK,"Richard Clark: CEO Red Back Mining, biography and track record",https://www.linkedin.com,2026-05-16,web
RB-HUGH-STUART,"Hugh Stuart: VP Exploration Red Back Mining, 30+ years geology experience",https://www.linkedin.com,2026-05-16,web
RB-LUNDIN-CONNECTION,Red Back Mining: Lukas Lundin involvement and shareholder structure,https://www.sedarplus.ca,2026-05-16,filing
RB-2010-KINROSS-MA,"Kinross Gold: ""Kinross Announces Acquisition of Red Back Mining"" (USD 7.1-7.3B), August 2010",https://www.kinross.com/news-releases/,2026-05-16,press
RB-M&A-TERMS,"Kinross Red Back acquisition: USD 7.1-7.3B, 21% VWAP premium analysis",https://www.bloomberg.com,2026-05-16,press
RB-CHIRANO-GOLD-PROD,"Chirano mine: Production volumes and costs 2005-2010, Kinross reporting",https://www.kinross.com/investors/,2026-05-16,filing
RB-TASIAST-GOLD-PROD,"Tasiast mine: Production volumes and costs 2008-2010, Kinross reporting",https://www.kinross.com/investors/,2026-05-16,filing
RB-RESERVES-STATEMENT,"Red Back Mining: Mineral reserves and resources statements, 2004-2010",https://www.sedarplus.ca,2026-05-16,filing
RB-STOCK-HISTORY,Toronto Stock Exchange: Red Back Mining Inc. (RBM) trading history 2004-2010,https://www.tsx.com,2026-05-16,web
RB-EXPLORATION-UPSIDE,Red Back Mining: Exploration success and discovery upside at Chirano/Tasiast,https://www.mining.com,2026-05-16,press
RB-OPERATIONAL-RAMPUP,Red Back Mining: Production ramp-up and operational excellence 2005-2010,https://www.sedarplus.ca,2026-05-16,filing
RB-INVESTOR-RETURNS,Red Back Mining: Shareholder returns and value creation analysis 2000-2010,https://www.bloomberg.com,2026-05-16,web
RB-MINING-JURISDICTION,Chirano (Ghana) and Tasiast (Mauritania): Mining jurisdiction and regulatory environment,https://www.mining.com,2026-05-16,web
RRR-1994-DISCOVERY,"Rainy River Gold: Discovery history, 1994",https://www.mining.com/rainy-river-gold/,2026-05-16,press
RRR-2005-IPO,"Rainy River Resources Ltd.: IPO and initial public offering, 2005",https://www.sedarplus.ca,2026-05-16,filing
RRR-THRELKELD-BIO,"Raymond Threlkeld: CEO Rainy River Resources, >40 years experience, Mining Hall of Fame",https://www.linkedin.com,2026-05-16,web
RRR-EXPLORATION-HISTORY,Rainy River Resources: Exploration history and project development timeline,https://www.sedarplus.ca,2026-05-16,filing
RRR-EARLY-WORK,Rainy River Gold Project: Early-stage exploration and pre-feasibility work 2005-2009,https://www.mining.com/rainy-river-gold/,2026-05-16,press
RRR-GEOTECHNICAL,Rainy River Gold: Geotechnical and metallurgical assessment studies,https://www.sedarplus.ca,2026-05-16,filing
RRR-2011-RESOURCE-EST,"Rainy River Resources: Mineral resource estimate, June 2011 (6.2M oz Au)",https://www.newswire.ca/news-releases/,2026-05-16,press
RRR-2011-PEA,"Rainy River Resources: Preliminary Economic Assessment (PEA), November 2011",https://www.sedarplus.ca,2026-05-16,filing
RRR-FEASIBILITY-STUDY,"Rainy River Resources: Feasibility Study completion, April 2013",https://www.newswire.ca/news-releases/,2026-05-16,press
RRR-RESERVES-RESOURCES,"Rainy River Gold: Mineral reserves and resources summary, 2013",https://www.sedarplus.ca,2026-05-16,filing
RRR-MINE-LIFE-ANALYSIS,Rainy River Gold: Mine life (16+ years) and production profile assessment,https://www.sedarplus.ca,2026-05-16,filing
RRR-ENVIRONMENTAL-SOCIAL,Rainy River Resources: Environmental and social impact assessments,https://www.sedarplus.ca,2026-05-16,filing
RRR-2013-NEWGOLD-MA,"New Gold Inc.: ""New Gold Announces Acquisition of Rainy River Resources Ltd."" (CAD 310M), October 2013",https://www.newgold.net/news-releases/,2026-05-16,press
RRR-M&A-TERMS,"Rainy River Resources: New Gold acquisition CAD 310M, 67% VWAP premium analysis",https://www.bloomberg.com,2026-05-16,press
RRR-STOCK-TRADING,Toronto Stock Exchange: Rainy River Resources Ltd. (RRI) trading history 2005-2013,https://www.tsx.com,2026-05-16,web
RRR-DEVELOPMENT-COST,Rainy River Gold: Development capital and project economics,https://www.sedarplus.ca,2026-05-16,filing
RRR-FINANCING-HISTORY,Rainy River Resources: Equity and debt financing timeline 2005-2013,https://www.sedarplus.ca,2026-05-16,filing
RRR-LOCATION-JURISDICTION,"Rainy River Gold Project: Location in Ontario Canada, permitting and regulatory framework",https://www.mining.com,2026-05-16,web
RRR-PEER-COMPARISON,Rainy River Resources: Peer company analysis and technical comparisons,https://www.bloomberg.com,2026-05-16,web
RRR-SHAREHOLDER-VALUE,Rainy River Resources: Shareholder value creation and investment returns 2005-2013,https://www.bloomberg.com,2026-05-16,web
RRR-NEWGOLD-INTEGRATION,New Gold: Rainy River project post-acquisition development and integration,https://www.newgold.net/investors/,2026-05-16,filing
RRR-CURRENT-STATUS,"Rainy River Gold Mine: Current operational status under New Gold, 2020+",https://www.newgold.net/operations/,2026-05-16,press
FRONTEER-2011-NEWMONT,Newmont: Fronteer Gold Acquisition Announcement 2011,https://www.newmont.com/news-releases/,2026-05-17,press
FRONTEER-WIKI-KLONDEX,Wikipedia: Klondex Mines,https://en.wikipedia.org/wiki/Klondex_Mines,2026-05-17,web
FRONTEER-TSX-HISTORY,TSX: Fronteer Gold trading history 2006-2011,https://www.tsx.com,2026-05-17,web
RICHFIELD-2011-NEWGOLD,New Gold: Richfield Ventures Acquisition May 2011,https://www.newgold.net/news-releases/,2026-05-17,press
RICHFIELD-BLACKWATER,Blackwater Gold Project - TSX-V filings,https://www.sedarplus.ca,2026-05-17,filing
RICHFIELD-WIKI,Wikipedia: Richfield Ventures Limited,https://en.wikipedia.org/wiki/Richfield_Ventures_Limited,2026-05-17,web
AURIZON-2013-HECLA,Hecla Mining: Aurizon Mines Acquisition April 2013,https://www.heclamining.com/news/,2026-05-17,press
AURIZON-CASA-BERARDI,Casa Berardi Mine - Hecla Mining project profile,https://www.heclamining.com/operations/,2026-05-17,web
AURIZON-FILING,Aurizon Mines: SEDAR filings 2001-2013,https://www.sedarplus.ca,2026-05-17,filing
ROMARCO-2015-OCEANAGOLD,OceanaGold: Romarco Minerals Acquisition November 2015,https://www.oceanagold.com/news/,2026-05-17,press
ROMARCO-HAILE-PROJECT,Haile Gold Project - OceanaGold profile,https://www.oceanagold.com/operations/,2026-05-17,web
ROMARCO-WIKI,Wikipedia: Romarco Minerals,https://en.wikipedia.org/wiki/Romarco_Minerals,2026-05-17,web
EXETER-2017-GOLDCORP,Goldcorp: Exeter Resources Acquisition August 2017,https://www.goldcorp.com/news-releases/,2026-05-17,press
EXETER-CASPICHE,Caspiche Project - Goldcorp technical reports,https://www.sedarplus.ca,2026-05-17,filing
EXETER-TSX-HISTORY,TSX: Exeter Resources trading history 2006-2017,https://www.tsx.com,2026-05-17,web
TRELAWNEY-2012-IAMGOLD,IAMGOLD: Trelawney Mining Acquisition October 2012,https://www.iamgold.com/news-releases/,2026-05-17,press
TRELAWNEY-COTELAKE,Côté Lake Gold Project - IAMGOLD project profile,https://www.iamgold.com/operations/,2026-05-17,web
TRELAWNEY-WIKI,Wikipedia: Trelawney Mining,https://en.wikipedia.org/wiki/Trelawney_Mining,2026-05-17,web
TRELAWNEY-TSX-HISTORY,TSX-V: Trelawney Mining trading history 2005-2012,https://www.tsx.com,2026-05-17,web
GOLDEAGLE-2008-GOLDCORP,Goldcorp: Gold Eagle Mines Acquisition June 2008,https://www.goldcorp.com/news-releases/,2026-05-17,press
GOLDEAGLE-RED-LAKE,Red Lake Mine - Goldcorp project profile,https://www.goldcorp.com/operations/,2026-05-17,web
